CVE-2012-1823,590,591,605,606,607,609,610,611,624,628,629,630,631,632,652,653,654,655,662,663,664,665,667,669,670,671,672,673,674,675,683,686,691,692,693,694,695,706,707,708,709,710,711,712,713,714,717,718,732,736,738,740,741,742,757,758,759,760,761,762,763,764,765,766,767,768,769,771,773,775,777,779,780,781,782,784,810,812,813,814,815,816,817,819,827,832,833,834,835,836,837,838,862,863,864,865,866,877,882,885,887,888,915,916,917,918,933,936,937,938,939,940,942,963,971,972,974,976,977,989,990,991,992,993,1022,1023,1024,1025,1026,1027,1028,1031,1033,1036,1037,1038,1039,1040,1041,1042,1043,1060,1062,1063,1067,1068,1069,1070,1071,1072,1073,1086,1093,1094,1095,1096,1097,1098,1099,1100,1117,1119,1122,1123,1124,1125,1126,1127,1128,1145,1148,1149,1150,1151,1152,1153,1154,1155,1156,1157,1158,1159,1160,1170,1174,1175,1176,1177,1179,1180,1181,1182,1183,1184,1185,1186,1187,1188,1200,1203,1207,1208,1209,1210,1211,1212,1213,1214,1233,1237,1238,1239,1242,1243,1244,1245,1246,1247,1249,1250,1265,1272,1273,1274,1275,1276,1277,1278,1279,1280,1288,1289,1290,1292,1293,1294,1298,1300,1301,1313,1314,1315,1317,1319,1320,1321,1322,1323,1324,1325,1326,1339,1340,1342,1343,1347,1349,1350,1364,1369,1370,1371,1372,1373,1374,1376,1377,1378,1386,1390,1391,1392,1394,1395,1396,1409,1416,1417,1418,1419,1420,1421,1423,1429,1431,1432,1433,1436,1437,1438,1439,1440,1441,1443,1444,1445,1446,1453,1454,1457,1458,1459,1460,1461,1462,1471,1473,1476,1477,1478,1479,1480,1481,1482,1483,1484,1485,1486,1492,1493,1494,1495,1496,1497,1501,1503,1518,1519,1524,1525,1528,1529,1530,1548,1549,1551,1554,1555,1556,1557,1566,1567,1569,1570,1571,1572,1573,1574,1575,1576,1586,1587,1588,1589,1590,1591,1592,1593,1594,1611,1612,1614,1615,1616,1618,1619,1620,1621,1622,1623,1630,1631,1632,1633,1634,1635,1636,1637,1638,1658,1659,1660,1661,1662,1663,1664,1665,1666,1667,1668,1669,1670,1674,1675,1676,1677,1678,1679,1680,1693,1694,1695,1696,1698,1699,1700,1701,1702,1703,1705,1706,1707,1716,1718,1720,1721,1722,1723,1724,1725,1726,1739,1740,1741,1742,1743,1744,1745,1746,1747,1749,1761,1762,1763,1764,1765,1766,1767,1768,1769,1770,1784,1785,1786,1787,1788,1789,1790,1791,1792,1793,1794,1795,1796,1797,1798,1807,1808,1809,1810,1811,1812,1813,1814,1815,1816,1831,1832,1833,1834,1835,1836,1837,1838,1839,1840,1841,1843,1844,1845,1852,1853,1854,1855,1856,1857,1858,1859,1861,1876,1877,1879,1880,1881,1882,1883,1884,1885,1886,1887,1888,1889,1899,1901,1902,1903,1904,1905,1906,1907,1920,1924,1926,1927,1928,1929,1930,1931,1932,1933,1934,1935,1940,1942,1944,1947,1948,1949,1950,1951,1952,1972,1978,1979,1980,1981,1982,1983,1984,1985,1995,1996,1997,2000,2001,2002,2003,2004,2005,2022,2023,2024,2031,2032,2033,2034,2036,2037,2041,2044,2046,2047,2048,2049,2050,2051,2052,2074,2079,2080,2081,2084,2085,2086,2090,2098,2101,2102,2103,2104,2105,2106,2107,2108,2109,2135,2138,2139,2140,2141,2142,2143,2144,2150,2153,2155,2157,2158,2159,2160,2161,2162,2182,2184,2187,2189,2190,2191,2192,2193,2194,2195,2196,2197,2212,2213,2214,2215,2216,2217,2218,2253,2254,2255,2256,2258,2259,2273,2275,2276,2277,2279,2281,2283,2284,2285,2286,2287,2288,2289,2299,2300,2302,2306,2307,2308,2309,2310,2311,2312,2313,2324,2325,2327,2329,2332,2333,2334,2335,2336,2354,2355
CVE-2014-3120,602,604,609,627,628,629,630,631,632,633,635,636,642,644,645,646,648,649,651,652,653,654,655,656,657,658,659,660,662,664,665,666,668,669,671,672,673,674,675,676,681,684,685,694,695,696,708,709,728,735,736,756,768,769,788,795,796,808,828,836,848,849,855,856,875,876,888,915,928,929,955,956,957,968,969,995,996,1008,1009,1028,1075,1076,1089,1095,1096,1108,1109,1128,1155,1156,1175,1176,1188,1208,1209,1215,1216,1228,1229,1235,1249,1255,1268,1271,1275,1276,1315,1316,1328,1331,1335,1336,1351,1355,1356,1395,1396,1408,1428,1431,1455,1456,1475,1476,1491,1508,1531,1535,1536,1548,1551,1575,1576,1595,1596,1608,1611,1631,1641,1651,1668,1676,1691,1711,1715,1728,1731,1735,1736,1751,1755,1756,1771,1788,1791,1808,1828,1835,1836,1848,1868,1871,1875,1876,1888,1895,1896,1928,1935,1936,1951,1955,1956,1968,1971,1976,1988,2011,2015,2016,2031,2035,2036,2048,2051,2075,2076,2088,2091,2108,2111,2128,2151,2155,2157,2171,2175,2177,2188,2191,2195,2197,2208,2211,2228,2235,2237,2240,2255,2257,2271,2275,2315,2328,2331,2371
CVE-2015-1427,604,605,606,610,611,612,613,614,616,618,619,620,623,624,625,626,628,629,632,635,636,638,639,640,641,642,643,644,645,646,647,649,650,651,652,653,654,655,656,657,658,665,666,672,685,686,692,705,706,707,725,726,732,733,745,746,753,765,766,774,785,786,805,806,825,826,845,846,865,866,873,885,886,904,905,906,925,926,945,946,965,985,1005,1006,1007,1025,1037,1045,1065,1085,1105,1125,1145,1165,1185,1205,1225,1245,1246,1265,1285,1286,1305,1307,1325,1345,1353,1365,1385,1401,1405,1418,1425,1445,1465,1485,1505,1525,1533,1545,1565,1585,1595,1605,1607,1611,1625,1628,1645,1646,1661,1665,1685,1705,1706,1725,1745,1765,1778,1785,1794,1805,1806,1825,1826,1845,1846,1848,1866,1880,1886,1906,1907,1925,1926,1946,1965,1966,1986,2006,2025,2026,2046,2066,2074,2086,2106,2125,2126,2146,2165,2166,2185,2186,2206,2207,2226,2246,2266,2286,2289,2306,2326,2346,2354,2366,2374,2386
CVE-2015-2208,604,605,607,613,614,615,616,617,618,619,620,626,636,637,639,640,646,661,668,669,671,673,680,681,682,683,684,695,696,697,698,709,711,712,713,716,717,718,719,723,731,732,733,734,735,743,745,746,750,751,755,759,760,765,778,779,785,788,798,799,801,802,807,812,816,817,818,863,864,883,884,901,924,925,938,939,949,952,965,967,968,970,976,984,988,989,992,1005,1009,1033,1036,1066,1079,1081,1083,1098,1116,1124,1125,1126,1136,1143,1146,1151,1159,1160,1161,1176,1192,1204,1215,1224,1225,1226,1227,1228,1229,1230,1233,1241,1243,1244,1245,1246,1249,1251,1254,1255,1256,1261,1262,1263,1265,1292,1293,1294,1295,1309,1311,1312,1318,1323,1324,1325,1337,1352,1358,1405,1406,1407,1418,1419,1427,1431,1436,1442,1450,1453,1456,1457,1467,1475,1476,1477,1482,1496,1497,1498,1499,1500,1523,1527,1530,1543,1544,1549,1560,1570,1572,1573,1577,1580,1582,1594,1606,1608,1624,1625,1626,1627,1629,1631,1633,1637,1647,1653,1654,1655,1667,1668,1670,1677,1699,1703,1717,1722,1723,1725,1738,1750,1752,1762,1777,1780,1783,1793,1804,1806,1807,1808,1824,1831,1832,1833,1834,1840,1841,1854,1861,1862,1863,1864,1865,1869,1880,1882,1897,1908,1929,1931,1932,1936,1937,1940,1942,1953,1957,1963,1964,1965,1975,1999,2000,2001,2006,2013,2014,2039,2047,2048,2049,2057,2059,2083,2104,2105,2114,2118,2125,2138,2142,2154,2158,2166,2167,2168,2169,2170,2172,2178,2182,2183,2204,2207,2219,2274,2278,2290,2307,2327,2328,2329,2346,2356,2357,2362,2364,2367,2376
CVE-2015-3306,605,606,615,618,630,632,637,641,644,645,647,655,667,673,677,686,692,696,711,718,726,727,757,760,768,777,798,801,803,810,818,828,840,846,847,858,865,901,906,910,922,924,935,937,938,944,947,948,950,951,953,955,958,976,981,986,988,1008,1013,1014,1015,1017,1021,1023,1028,1033,1034,1042,1048,1055,1068,1078,1083,1088,1091,1092,1098,1102,1104,1108,1109,1110,1114,1116,1117,1118,1119,1120,1128,1131,1134,1138,1144,1147,1150,1154,1155,1159,1168,1169,1171,1176,1177,1178,1182,1187,1188,1189,1191,1192,1194,1200,1204,1205,1206,1215,1216,1217,1218,1220,1222,1228,1229,1230,1231,1233,1242,1243,1248,1252,1253,1257,1258,1265,1274,1275,1288,1289,1291,1297,1298,1299,1300,1309,1317,1328,1334,1338,1339,1341,1342,1348,1349,1350,1352,1362,1364,1368,1369,1375,1376,1378,1386,1399,1400,1401,1403,1419,1429,1437,1438,1439,1442,1447,1449,1451,1452,1454,1461,1469,1470,1475,1479,1488,1495,1496,1497,1499,1501,1508,1519,1526,1529,1534,1535,1547,1549,1557,1558,1562,1568,1569,1589,1590,1591,1592,1605,1606,1608,1609,1610,1616,1617,1618,1619,1622,1629,1630,1632,1640,1641,1642,1651,1654,1659,1663,1677,1679,1680,1697,1712,1719,1720,1739,1742,1745,1746,1761,1774,1777,1779,1780,1794,1800,1817,1824,1836,1837,1868,1880,1882,1893,1900,1910,1912,1914,1916,1926,1930,1931,1940,1947,1955,1957,1959,1960,1965,1970,1971,1972,1974,1976,1980,1988,1990,2011,2023,2030,2064,2078,2079,2080,2096,2100,2108,2117,2129,2137,2139,2140,2141,2145,2146,2148,2150,2155,2156,2160,2168,2170,2173,2179,2180,2187,2192,2207,2208,2217,2222,2223,2226,2227,2228,2237,2244,2245,2250,2251,2254,2258,2261,2267,2268,2269,2270,2271,2291,2292,2306,2311,2321,2340,2341,2343,2351,2352,2359,2371,2374,2375,2381
CVE-2015-8103,594,595,596,597,598,599,647,652,662,663,689,697,747,780,791,797,807,844,845,846,847,848,849,850,851,897,899,900,927,935,947,984,997,1031,1047,1086,1097,1129,1130,1147,1197,1206,1217,1224,1226,1248,1260,1298,1310,1311,1348,1350,1351,1398,1442,1448,1498,1525,1548,1555,1598,1631,1633,1634,1648,1698,1717,1748,1798,1811,1812,1824,1830,1848,1878,1898,1904,1905,1948,1978,1998,2002,2003,2019,2049,2089,2099,2149,2161,2199,2231,2239,2249,2299,2307,2349,2374
CVE-2016-3088,704,724,725,726,730,731,732,733,734,735,736,745,757,759,760,769,770,776,833,834,835,836,837,838,839,840,841,854,867,872,873,886,890,891,892,895,915,936,956,967,968,976,1017,1037,1085,1105,1126,1146,1166,1188,1208,1223,1229,1249,1269,1274,1275,1278,1280,1327,1347,1356,1357,1367,1368,1369,1372,1373,1374,1429,1453,1467,1520,1626,1728,1769,1789,1850,1952,1966,1967,1969,1970,1978,2006,2027,2074,2178,2286,2308,2329,2349
CVE-2016-9920,605,622,623,630,632,633,634,635,636,637,638,665,685,688,705,715,735,738,745,775,845,846,855,856,858,869,873,886,906,926,944,948,956,986,992,1016,1030,1036,1046,1076,1081,1086,1089,1106,1116,1128,1166,1176,1180,1196,1202,1205,1206,1225,1236,1239,1240,1250,1280,1286,1298,1306,1315,1333,1336,1344,1346,1349,1350,1361,1366,1370,1386,1396,1416,1442,1446,1448,1455,1462,1479,1490,1496,1517,1527,1534,1536,1567,1575,1577,1596,1607,1621,1631,1677,1683,1684,1694,1697,1702,1703,1707,1709,1717,1733,1737,1759,1767,1787,1797,1805,1807,1813,1814,1816,1820,1823,1827,1833,1834,1837,1846,1847,1861,1862,1863,1864,1869,1873,1877,1878,1917,1924,1927,1930,1947,1960,1967,1976,1977,1987,1994,1997,2017,2037,2059,2078,2085,2094,2095,2096,2098,2100,2134,2135,2137,2148,2150,2162,2163,2168,2169,2174,2175,2176,2178,2188,2200,2217,2218,2228,2230,2231,2238,2239,2240,2258,2268,2298,2310,2311,2313,2314,2318,2343,2348
CVE-2016-10033,607,608,609,610,611,612,613,614,630,632,633,634,635,636,637,638,644,645,646,647,648,649,650,673,675,676,678,679,680,681,687,688,690,691,692,693,713,714,716,718,719,720,728,729,731,732,733,734,753,754,755,756,757,758,759,760,761,771,772,784,786,787,788,789,790,811,813,814,815,816,817,818,828,831,832,833,834,850,851,852,853,854,855,856,871,872,873,874,875,876,877,896,897,898,900,901,902,903,904,917,918,919,920,921,922,923,939,940,941,942,943,944,945,946,953,954,955,956,957,958,974,976,977,978,979,980,994,995,996,997,998,999,1000,1014,1015,1016,1017,1018,1019,1020,1021,1033,1035,1036,1037,1038,1039,1054,1055,1056,1057,1058,1059,1060,1061,1074,1075,1076,1077,1078,1079,1101,1102,1106,1107,1108,1109,1118,1119,1120,1121,1122,1123,1124,1146,1147,1148,1150,1151,1152,1161,1162,1163,1164,1165,1166,1183,1184,1186,1187,1188,1189,1190,1191,1199,1200,1202,1203,1204,1224,1226,1227,1228,1229,1230,1231,1238,1241,1242,1243,1244,1245,1260,1261,1263,1265,1266,1282,1283,1284,1285,1286,1287,1288,1302,1304,1305,1306,1307,1308,1309,1310,1321,1322,1324,1325,1326,1327,1342,1343,1345,1346,1347,1348,1361,1362,1363,1365,1366,1367,1368,1384,1386,1387,1388,1389,1390,1391,1406,1407,1408,1409,1410,1411,1412,1413,1437,1438,1440,1442,1443,1444,1457,1458,1461,1462,1463,1480,1481,1482,1483,1484,1485,1497,1498,1501,1502,1503,1520,1521,1522,1523,1524,1525,1526,1541,1542,1543,1544,1545,1546,1563,1564,1565,1566,1567,1568,1569,1580,1581,1582,1583,1584,1585,1586,1600,1601,1602,1603,1604,1605,1606,1607,1620,1622,1624,1625,1626,1643,1644,1645,1646,1648,1649,1665,1666,1667,1668,1669,1683,1684,1685,1686,1688,1689,1690,1706,1707,1708,1709,1710,1732,1735,1737,1738,1739,1740,1749,1751,1752,1753,1754,1770,1772,1773,1775,1776,1777,1791,1792,1793,1794,1795,1796,1818,1819,1820,1822,1823,1824,1825,1826,1839,1840,1841,1842,1843,1844,1845,1869,1870,1872,1873,1875,1876,1877,1887,1888,1889,1890,1903,1904,1905,1907,1908,1909,1910,1922,1925,1926,1927,1928,1942,1943,1945,1946,1947,1948,1949,1960,1962,1963,1964,1965,1979,1980,1984,1985,1986,1997,1998,1999,2000,2001,2002,2003,2019,2020,2021,2022,2023,2024,2025,2026,2039,2040,2042,2043,2044,2045,2074,2075,2077,2078,2079,2080,2081,2082,2096,2097,2098,2099,2100,2101,2102,2103,2121,2122,2123,2124,2125,2126,2127,2128,2139,2140,2141,2142,2143,2161,2162,2163,2164,2165,2166,2167,2168,2179,2181,2182,2183,2184,2206,2207,2208,2209,2211,2212,2213,2214,2221,2222,2223,2224,2225,2226,2246,2247,2248,2249,2251,2252,2253,2254,2262,2264,2265,2266,2267,2268,2288,2289,2290,2291,2292,2293,2294,2295,2305,2306,2307,2331,2332,2333,2335,2336,2337,2338,2339,2345,2346,2347,2348,2349,2350,2351,2352,2367,2368,2369,2370,2372,2373,2374,2376,2377,2378,2379,2396,2398
CVE-2017-7494,600,601,602,603,604,612,613,614,615,628,630,631,633,634,635,644,646,647,648,649,666,667,668,669,670,687,688,689,690,692,704,705,706,707,708,723,724,725,726,745,746,747,748,749,750,766,767,769,771,773,774,785,786,787,811,812,813,815,816,817,818,830,831,832,833,834,835,860,861,862,863,864,881,882,883,884,885,886,901,903,904,905,906,907,925,926,927,928,929,930,944,945,946,947,971,972,973,974,975,991,992,993,994,995,996,997,1008,1009,1010,1011,1012,1022,1023,1024,1025,1026,1036,1037,1038,1039,1040,1041,1042,1052,1053,1054,1055,1056,1057,1076,1077,1078,1079,1080,1100,1101,1102,1103,1104,1105,1121,1122,1123,1124,1126,1127,1141,1142,1143,1144,1155,1157,1158,1159,1160,1172,1173,1174,1175,1176,1177,1189,1190,1191,1192,1193,1207,1208,1209,1210,1211,1212,1213,1214,1222,1223,1224,1225,1243,1244,1245,1246,1247,1249,1250,1251,1265,1266,1267,1268,1269,1270,1271,1285,1286,1287,1290,1301,1302,1304,1305,1316,1317,1318,1319,1320,1326,1327,1328,1339,1340,1341,1342,1343,1353,1354,1355,1356,1357,1370,1371,1372,1373,1374,1375,1383,1384,1385,1386,1387,1398,1399,1400,1402,1410,1411,1412,1413,1414,1415,1423,1424,1425,1426,1427,1428,1436,1437,1438,1439,1440,1452,1453,1454,1455,1456,1458,1464,1465,1466,1467,1484,1485,1486,1487,1489,1500,1501,1502,1503,1504,1506,1515,1516,1517,1518,1519,1520,1521,1532,1534,1535,1536,1537,1551,1552,1553,1554,1555,1556,1557,1559,1561,1562,1563,1575,1576,1577,1578,1579,1580,1581,1590,1591,1592,1593,1594,1595,1611,1612,1613,1614,1615,1616,1628,1629,1630,1631,1632,1645,1646,1647,1649,1650,1651,1658,1659,1660,1661,1677,1679,1680,1681,1692,1693,1694,1695,1696,1707,1708,1709,1710,1711,1712,1713,1714,1727,1728,1729,1730,1744,1745,1746,1747,1748,1756,1757,1758,1759,1760,1761,1771,1772,1773,1775,1777,1778,1791,1792,1793,1794,1795,1796,1797,1798,1799,1812,1813,1814,1815,1816,1817,1818,1819,1827,1828,1829,1845,1846,1848,1849,1850,1851,1861,1862,1863,1864,1865,1866,1867,1878,1879,1880,1881,1882,1883,1885,1896,1898,1899,1900,1901,1915,1917,1918,1919,1920,1933,1934,1935,1936,1937,1938,1948,1949,1950,1951,1952,1953,1954,1955,1965,1966,1967,1968,1970,1980,1981,1982,1983,1984,1985,1986,1996,1997,1998,1999,2000,2011,2012,2013,2014,2015,2016,2017,2018,2027,2028,2029,2030,2031,2032,2033,2049,2050,2051,2052,2053,2054,2069,2070,2071,2072,2073,2074,2076,2078,2086,2087,2088,2089,2090,2091,2093,2106,2107,2108,2109,2127,2128,2129,2131,2132,2133,2134,2148,2149,2150,2151,2152,2153,2154,2167,2168,2169,2170,2171,2172,2173,2174,2189,2190,2192,2193,2209,2210,2211,2212,2213,2230,2231,2232,2233,2234,2236,2246,2247,2248,2249,2250,2251,2252,2253,2266,2267,2268,2269,2270,2287,2288,2289,2290,2291,2299,2300,2301,2302,2303,2317,2318,2319,2320,2328,2329,2330,2331,2332,2333,2346,2347,2348,2350,2362,2363,2364,2365,2367,2368,2369,2370
CVE-2017-8291,606,607,608,609,610,611,612,614,615,616,617,618,624,625,626,627,628,629,630,631,668,669,680,681,703,744,745,762,769,770,771,783,873,883,884,885,895,896,898,899,926,927,929,931,964,1016,1017,1039,1075,1090,1094,1096,1097,1099,1103,1133,1134,1135,1136,1140,1141,1155,1157,1158,1204,1205,1206,1262,1267,1268,1269,1270,1271,1272,1273,1274,1275,1297,1298,1299,1300,1463,1543,1550,1562,1569,1570,1576,1578,1585,1627,1639,1646,1648,1650,1652,1654,1655,1692,1702,1711,1712,1718,1742,1743,1806,1810,1812,1822,1823,1824,1825,1847,1852,1871,1894,1907,1910,1911,1921,1922,1923,1942,1944,1960,1961,1962,1975,1985,1986,1987,1988,1989,1990,1991,1992,1993,1994,1996,2004,2008,2009,2058,2059,2098,2103,2104,2138,2139,2218,2219,2220,2346,2349,2350,2351
CVE-2017-11610,591,592,612,613,633,634,654,655,675,676,696,697,717,718,726,738,739,759,760,780,781,791,801,802,812,813,823,833,834,844,854,855,865,875,876,886,887,897,907,917,918,928,929,939,949,950,970,971,991,992,1012,1013,1026,1033,1034,1054,1055,1075,1076,1096,1097,1117,1118,1138,1139,1160,1170,1171,1181,1202,1203,1213,1214,1224,1234,1235,1245,1255,1256,1266,1267,1277,1287,1288,1308,1309,1326,1329,1339,1340,1350,1351,1361,1362,1372,1382,1383,1393,1394,1414,1415,1435,1436,1456,1457,1467,1477,1478,1488,1498,1499,1509,1519,1520,1540,1541,1551,1561,1562,1572,1573,1583,1593,1594,1604,1605,1615,1625,1626,1627,1636,1646,1647,1657,1667,1668,1678,1679,1689,1699,1700,1710,1720,1721,1731,1752,1762,1773,1793,1794,1814,1815,1835,1836,1856,1857,1867,1877,1878,1888,1898,1899,1909,1919,1920,1927,1930,1940,1941,1951,1961,1962,1972,1982,1983,2003,2004,2024,2025,2045,2046,2056,2066,2067,2087,2088,2108,2109,2129,2130,2150,2151,2152,2172,2173,2193,2194,2214,2215,2227,2235,2236,2256,2257,2277,2287,2288,2298,2299,2319,2320,2340,2341,2361,2371,2372,2382
CVE-2017-12149,588,593,594,596,601,602,603,604,605,606,616,634,639,689,726,739,747,755,789,808,839,881,882,889,898,925,939,989,1011,1012,1039,1089,1100,1101,1102,1103,1139,1148,1189,1239,1283,1290,1307,1340,1375,1376,1377,1390,1440,1441,1484,1485,1491,1541,1590,1591,1593,1594,1612,1613,1641,1691,1693,1741,1765,1791,1841,1891,1911,1912,1914,1941,1947,1991,2012,2013,2041,2049,2091,2116,2141,2191,2206,2207,2208,2241,2291,2338,2341,2354
CVE-2017-12615,622,665,680,693,714,715,723,725,735,742,751,755,758,759,761,762,771,781,782,785,786,788,789,790,791,794,795,801,805,811,812,813,816,817,818,820,831,861,884,931,985,1084,1085,1111,1135,1186,1287,1309,1322,1388,1398,1421,1432,1434,1475,1488,1496,1498,1499,1539,1588,1652,1689,1718,1736,1782,1792,1806,1834,1856,1874,1884,1903,1906,1915,1916,1928,1932,1933,1967,1994,2069,2071,2074,2078,2081,2086,2093,2185,2194,2235,2275,2294,2315,2355
CVE-2014-6271,606,607,608,609,610,611,612,615,637,645,655,659,665,666,673,675,687,695,705,727,735,739,745,749,755,765,775,779,784,785,787,795,805,809,815,817,822,825,835,842,855,857,860,865,868,870,872,874,875,877,884,892,893,896,898,902,911,917,918,922,926,946,947,948,949,951,953,955,956,960,963,966,971,973,976,977,978,986,993,997,998,1006,1008,1009,1016,1018,1030,1046,1056,1066,1067,1068,1076,1081,1085,1089,1096,1097,1106,1107,1116,1117,1120,1121,1122,1126,1136,1148,1151,1166,1170,1178,1182,1186,1191,1196,1206,1220,1224,1225,1226,1236,1237,1238,1243,1244,1246,1258,1266,1270,1283,1284,1286,1288,1293,1296,1307,1315,1316,1336,1337,1346,1356,1368,1373,1376,1385,1386,1387,1390,1391,1392,1397,1406,1416,1446,1456,1466,1467,1473,1476,1477,1486,1490,1496,1497,1506,1517,1526,1536,1543,1546,1551,1556,1566,1569,1577,1585,1586,1606,1616,1625,1626,1631,1640,1643,1650,1654,1658,1660,1664,1666,1669,1670,1675,1676,1680,1685,1686,1691,1698,1706,1708,1713,1715,1716,1720,1726,1727,1728,1732,1736,1745,1746,1751,1765,1766,1791,1796,1806,1814,1826,1830,1835,1836,1839,1843,1846,1852,1856,1867,1871,1896,1907,1916,1917,1927,1933,1934,1937,1947,1953,1957,1959,1967,1976,1982,1991,1997,2003,2004,2017,2026,2027,2030,2034,2037,2060,2067,2087,2093,2097,2104,2105,2117,2127,2137,2153,2157,2158,2165,2185,2187,2197,2227,2237,2244,2247,2267,2277,2281,2289,2297,2317,2332,2337,2338,2339,2340,2341,2347,2358,2359,2367,2377,2393,2397,2404,2407,2414,2417,2423,2424,2435,2437,2457,2467,2477
CVE-2015-8562,598,599,601,602,608,610,630,634,635,641,643,648,649,651,658,665,668,669,672,673,674,688,698,701,711,713,714,715,716,718,723,724,725,728,729,731,735,737,750,754,758,779,782,783,789,792,794,798,799,809,817,819,820,826,828,829,831,832,833,839,846,849,855,859,864,865,866,870,872,875,880,883,884,890,891,893,895,899,901,902,903,906,909,912,919,922,939,950,953,957,966,971,974,975,976,989,991,996,1001,1003,1009,1010,1012,1013,1014,1016,1018,1019,1020,1021,1022,1023,1024,1025,1026,1027,1028,1029,1030,1031,1032,1033,1035,1039,1040,1042,1043,1046,1047,1049,1054,1055,1056,1057,1059,1060,1062,1063,1064,1066,1068,1069,1070,1073,1075,1076,1077,1079,1080,1081,1082,1083,1084,1089,1090,1092,1097,1098,1099,1100,1101,1102,1103,1104,1105,1109,1110,1111,1112,1114,1116,1117,1119,1135,1143,1147,1149,1154,1158,1162,1164,1166,1172,1174,1179,1181,1189,1193,1197,1199,1200,1202,1205,1208,1209,1210,1211,1213,1216,1220,1227,1229,1233,1237,1239,1240,1250,1251,1254,1260,1269,1270,1273,1274,1275,1284,1290,1293,1294,1301,1310,1326,1327,1328,1332,1335,1336,1337,1338,1341,1349,1355,1359,1360,1361,1370,1371,1376,1380,1382,1385,1390,1400,1409,1413,1414,1415,1421,1430,1434,1435,1440,1441,1448,1459,1460,1476,1478,1480,1482,1485,1490,1519,1522,1535,1537,1538,1539,1540,1544,1554,1564,1569,1570,1574,1579,1580,1589,1590,1597,1603,1604,1606,1612,1614,1618,1621,1622,1631,1632,1633,1634,1635,1636,1637,1638,1639,1640,1641,1642,1643,1644,1645,1646,1648,1649,1650,1655,1657,1662,1664,1667,1669,1671,1684,1685,1694,1695,1698,1700,1704,1705,1709,1720,1721,1737,1738,1742,1744,1746,1750,1753,1764,1771,1775,1776,1778,1780,1781,1783,1791,1804,1808,1816,1819,1826,1838,1844,1847,1854,1856,1857,1873,1878,1881,1888,1893,1909,1910,1917,1929,1934,1938,1947,1953,1956,1957,1958,1959,1960,1961,1962,1963,1964,1965,1966,1967,1968,1969,1970,1971,1972,1973,1974,1978,1979,1981,1984,1987,2000,2001,2003,2008,2027,2031,2036,2041,2044,2051,2057,2058,2062,2069,2071,2082,2087,2089,2091,2096,2107,2119,2122,2129,2138,2147,2149,2151,2154,2156,2158,2183,2185,2194,2198,2209,2222,2224,2228,2231,2232,2242,2247,2248,2251,2255,2259,2265,2266,2267,2268,2269,2270,2272,2274,2287,2293,2294,2295,2297,2303,2309,2310,2311,2315,2318,2325,2343,2344,2345,2346,2348,2364,2368,2372,2374,2377,2389,2390,2391,2397,2402,2411,2421,2428
CVE-2016-3714,600,602,604,611,612,622,624,628,630,631,632,633,634,646,647,648,649,650,651,652,653,654,657,667,668,669,670,671,672,673,677,678,680,681,682,699,701,702,703,704,709,710,718,719,720,723,724,725,726,727,729,743,744,756,757,768,772,777,819,821,822,823,824,828,829,831,832,833,835,841,842,843,844,845,852,853,857,861,862,893,894,895,896,898,899,901,903,905,906,921,923,927,928,929,945,949,953,957,967,968,973,974,975,1003,1006,1007,1020,1021,1023,1025,1026,1028,1053,1067,1072,1093,1101,1102,1110,1114,1115,1116,1131,1132,1133,1134,1135,1136,1137,1152,1153,1160,1177,1178,1179,1183,1185,1192,1193,1195,1199,1219,1222,1223,1224,1230,1243,1245,1246,1264,1266,1267,1269,1273,1276,1285,1287,1288,1289,1290,1292,1294,1297,1298,1299,1325,1334,1337,1338,1339,1349,1376,1384,1391,1393,1394,1404,1448,1452,1455,1460,1467,1468,1469,1474,1475,1495,1504,1506,1517,1518,1521,1522,1523,1524,1544,1548,1563,1564,1566,1571,1575,1593,1594,1598,1599,1604,1605,1606,1614,1621,1622,1644,1645,1647,1649,1654,1658,1670,1671,1672,1675,1678,1693,1694,1695,1713,1714,1715,1716,1722,1736,1744,1748,1757,1758,1764,1765,1781,1782,1784,1785,1786,1792,1802,1803,1804,1805,1806,1811,1827,1828,1829,1830,1835,1836,1838,1849,1850,1854,1855,1858,1860,1861,1862,1893,1895,1899,1900,1901,1915,1918,1925,1935,1936,1945,1946,1957,1959,1960,1967,1984,1985,1986,1987,1995,2012,2013,2014,2015,2016,2021,2036,2037,2038,2039,2040,2044,2047,2060,2061,2065,2071,2072,2073,2105,2111,2112,2125,2146,2155,2157,2185,2186,2204,2205,2206,2207,2212,2238,2261,2265,2282,2283,2284,2285,2286,2289,2304,2305,2306,2308,2309,2310,2312,2318,2319,2320,2322,2338,2339,2340,2342,2343,2345
CVE-2017-5638,1051,1053,1058,1059,1067,1082,1099,1101,1129,1131,1132,1145,1156,1169,1170,1171,1210,1211,1233,1234,1244,1251,1291,1292,1331,1333,1370,1371,1373,1410,1425,1445,1451,1452,1454,1462,1490,1491,1492,1498,1530,1531,1558,1562,1573,1576,1610,1611,1639,1652,1653,1690,1691,1730,1731,1732,1746,1747,1771,1772,1810,1811,1843,1847,1851,1852,1853,1891,1892,1896,1930,1932,1936,1943,1960,1962,1970,1971,1974,2010,2011,2035,2042,2050,2051,2076,2090,2091,2097,2100,2107,2126,2130,2131,2137,2197,2198,2199,2204,2217,2240,2242,2250,2275,2279,2280,2282,2286,2311,2320,2326,2355,2361,2362,2363
CVE-2017-12794,601,603,604,605,606,616,618,620,639,641,648,656,665,675,676,703,726,727,728,729,738,745,749,754,755,758,759,760,761,765,775,776,777,778,785,788,789,790,791,793,796,798,805,812,813,820,822,834,836,839,876,895,935,938,939,943,944,949,953,957,958,959,961,964,965,967,968,969,970,971,973,974,976,979,986,987,989,990,991,993,995,996,997,1043,1052,1054,1055,1082,1083,1084,1085,1112,1117,1138,1170,1181,1182,1192,1195,1196,1201,1204,1205,1209,1210,1215,1216,1219,1220,1221,1232,1235,1236,1237,1241,1242,1253,1260,1276,1294,1297,1298,1299,1300,1304,1305,1306,1309,1310,1311,1314,1315,1316,1318,1320,1323,1326,1327,1388,1395,1396,1397,1398,1408,1424,1426,1428,1429,1430,1471,1492,1523,1524,1525,1529,1533,1534,1535,1536,1555,1566,1569,1576,1577,1582,1633,1641,1650,1651,1677,1681,1683,1694,1702,1720,1736,1761,1765,1768,1785,1788,1792,1793,1794,1795,1796,1797,1798,1799,1800,1801,1802,1803,1808,1809,1811,1812,1813,1814,1824,1826,1827,1828,1829,1901,1912,1922,1951,1974,1982,1985,1995,2001,2011,2017,2018,2019,2020,2021,2024,2027,2028,2029,2037,2079,2084,2090,2092,2093,2097,2099,2101,2103,2104,2105,2108,2109,2110,2114,2123,2125,2126,2127,2129,2130,2131,2133,2134,2135,2141,2144,2145,2149,2150,2151,2152,2159,2182,2186,2187,2188,2194,2199,2215,2216,2225,2299,2351,2394,2397,2398,2399
CVE-2018-11776,604,606,607,608,609,610,611,612,613,619,640,664,697,704,705,712,713,720,744,757,793,805,812,820,848,861,862,863,864,889,905,913,914,920,966,1005,1014,1020,1070,1105,1114,1120,1205,1206,1214,1220,1233,1234,1243,1285,1305,1306,1314,1320,1336,1406,1414,1420,1456,1506,1514,1520,1600,1606,1615,1620,1663,1670,1691,1705,1706,1714,1715,1720,1755,1806,1808,1815,1816,1820,1833,1834,1854,1907,1914,1915,1920,1948,1965,1970,1980,2001,2007,2015,2020,2101,2107,2114,2115,2120,2207,2215,2220,2261,2265,2283,2308,2315,2320,2388
CVE-2018-16509,588,594,602,609,610,611,614,615,616,637,640,647,653,664,683,688,706,709,716,736,749,756,759,769,775,780,784,809,813,825,843,861,869,871,874,875,883,884,886,891,892,893,894,897,898,899,906,907,909,910,911,932,936,939,941,942,946,947,951,952,962,963,966,967,970,971,972,977,992,993,999,1001,1002,1006,1013,1024,1025,1036,1037,1039,1045,1074,1086,1087,1088,1090,1100,1104,1106,1108,1109,1110,1113,1120,1125,1128,1134,1135,1136,1139,1141,1163,1167,1176,1183,1184,1185,1187,1188,1189,1190,1191,1193,1195,1202,1211,1213,1218,1220,1222,1223,1227,1230,1231,1232,1233,1234,1236,1238,1241,1242,1243,1248,1249,1259,1261,1262,1264,1267,1268,1269,1270,1273,1276,1282,1284,1285,1286,1288,1289,1291,1292,1299,1302,1303,1307,1308,1309,1311,1314,1320,1322,1326,1327,1332,1333,1344,1346,1355,1357,1358,1359,1364,1368,1373,1379,1390,1397,1402,1408,1411,1422,1438,1445,1446,1459,1469,1486,1488,1495,1502,1504,1513,1533,1543,1547,1553,1555,1559,1567,1572,1580,1593,1603,1610,1616,1622,1626,1647,1653,1660,1676,1701,1704,1711,1723,1736,1747,1774,1782,1785,1786,1787,1789,1801,1807,1810,1811,1828,1830,1837,1865,1875,1876,1882,1901,1911,1912,1915,1918,1919,1939,1943,1948,1952,1953,1959,1967,1972,1974,1979,1985,1989,1991,1992,1994,1998,2001,2002,2003,2005,2006,2008,2009,2015,2018,2019,2026,2033,2035,2036,2039,2053,2054,2058,2061,2066,2069,2072,2073,2082,2083,2084,2085,2086,2087,2088,2095,2096,2097,2098,2099,2100,2101,2102,2103,2104,2105,2116,2127,2128,2142,2143,2149,2152,2159,2168,2180,2181,2182,2201,2203,2211,2214,2217,2223,2224,2225,2226,2227,2233,2234,2241,2247,2255,2258,2263,2267,2268,2269,2275,2277,2278,2288,2296,2298,2301,2303,2304,2306,2307,2308,2309,2313,2315,2316,2322,2323,2324,2326,2327,2332,2336,2342,2343,2344,2345,2355,2361,2362,2364,2366,2373,2375,2376
CVE-2018-19475,591,601,602,603,604,605,606,607,608,610,611,613,614,615,616,617,618,619,620,629,649,660,661,667,682,685,688,689,692,712,733,740,743,747,751,761,778,784,788,790,806,817,821,839,849,858,873,894,901,905,911,916,918,919,922,926,933,936,960,962,963,965,984,1000,1028,1029,1033,1047,1051,1058,1060,1089,1090,1092,1099,1100,1101,1110,1116,1117,1123,1151,1152,1153,1160,1163,1165,1176,1177,1178,1179,1182,1183,1190,1193,1195,1196,1197,1215,1216,1217,1231,1259,1262,1268,1304,1307,1311,1323,1333,1335,1336,1338,1340,1347,1350,1354,1357,1359,1363,1399,1552,1565,1599,1607,1684,1717,1718,1723,1732,1747,1777,1782,1785,1787,1789,1792,1812,1815,1816,1821,1876,1883,1916,1918,1931,1933,1964,1969,1972,1974,1986,1988,1999,2006,2014,2017,2019,2020,2021,2022,2023,2024,2025,2026,2035,2036,2040,2049,2082,2092,2100,2124,2126,2135,2136,2144,2155,2156,2164,2213,2232,2240,2267,2317,2318,2323,2324,2325,2327,2333,2341,2345,2376
CVE-2019-6116b,591,592,598,600,607,610,611,612,613,614,615,617,618,619,623,624,625,626,627,628,629,630,633,634,635,636,637,639,640,642,643,644,645,646,652,653,657,663,669,673,675,677,678,679,680,685,686,687,688,689,691,692,693,694,695,697,704,705,707,712,714,716,718,720,722,724,725,726,727,729,730,731,733,734,735,736,738,744,746,747,748,750,752,755,763,766,770,772,773,774,775,779,781,789,793,798,803,823,830,832,833,857,862,878,887,895,900,903,909,912,919,921,926,935,936,938,947,949,953,955,960,966,969,977,978,984,989,994,998,1005,1006,1017,1023,1034,1036,1043,1051,1057,1064,1065,1072,1076,1083,1086,1091,1096,1103,1104,1120,1125,1134,1141,1144,1148,1152,1155,1175,1182,1186,1192,1195,1197,1203,1213,1215,1216,1217,1218,1219,1220,1230,1231,1238,1242,1248,1261,1265,1271,1275,1282,1294,1300,1309,1310,1313,1314,1323,1329,1333,1340,1342,1352,1358,1363,1366,1368,1370,1372,1380,1387,1397,1406,1417,1419,1445,1454,1458,1464,1468,1469,1474,1480,1500,1505,1510,1523,1534,1541,1546,1552,1555,1560,1565,1589,1596,1598,1600,1601,1604,1606,1607,1609,1610,1611,1612,1615,1616,1617,1618,1619,1620,1621,1622,1626,1627,1628,1629,1630,1631,1632,1633,1634,1635,1636,1637,1638,1639,1640,1641,1642,1643,1644,1645,1646,1647,1648,1649,1651,1653,1661,1665,1673,1688,1690,1704,1710,1711,1718,1722,1729,1732,1737,1745,1757,1759,1763,1766,1772,1774,1780,1785,1790,1792,1793,1798,1817,1824,1827,1828,1829,1834,1839,1845,1852,1853,1854,1857,1858,1871,1873,1879,1884,1889,1893,1901,1906,1908,1914,1924,1937,1944,1951,1963,1966,1967,1969,1972,1995,1999,2019,2026,2035,2039,2045,2048,2056,2064,2073,2080,2087,2099,2112,2117,2118,2122,2128,2132,2141,2144,2148,2151,2162,2172,2179,2193,2198,2200,2214,2219,2229,2238,2243,2249,2253,2261,2263,2280,2283,2289,2293,2300,2303,2309,2313,2320,2322,2328,2335,2340,2342,2355,2357,2358,2363,2369
CVE-2019-5420,603,604,663,666,668,672,673,683,684,689,709,732,733,734,735,736,737,792,884,896,897,898,933,934,937,954,958,971,973,974,977,978,980,983,984,987,992,995,996,1015,1032,1035,1055,1069,1070,1072,1076,1078,1080,1084,1088,1090,1093,1096,1099,1102,1116,1132,1133,1137,1138,1157,1166,1167,1171,1172,1177,1184,1185,1191,1197,1202,1238,1252,1255,1258,1260,1278,1290,1292,1298,1319,1322,1339,1350,1354,1355,1356,1372,1437,1439,1441,1453,1455,1456,1461,1462,1464,1465,1467,1473,1474,1482,1502,1518,1522,1537,1538,1539,1541,1542,1543,1545,1558,1562,1576,1579,1580,1582,1583,1586,1590,1594,1596,1598,1602,1603,1643,1658,1664,1684,1685,1704,1719,1724,1726,1727,1729,1730,1731,1745,1764,1765,1781,1785,1805,1821,1826,1842,1846,1867,1887,1906,1907,1921,1922,1923,1924,1925,1927,1928,1929,1948,1968,1985,1988,2008,2069,2090,2101,2104,2107,2109,2110,2113,2116,2117,2118,2119,2120,2121,2129,2131,2149,2151,2171,2189,2198,2201,2219,2221,2232,2235,2236,2237,2240,2243,2252,2272,2280,2282,2284,2292,2293,2294,2298,2300,2309,2313,2326,2327,2332,2333,2346,2352,2353,2354,2369,2374,2395,2399
CVE-2020-17530,557,572,573,576,578,590,600,611,612,614,619,622,623,624,647,653,655,678,679,698,699,700,709,720,721,754,777,778,798,804,814,818,819,838,839,855,859,879,880,886,895,919,939,941,956,960,979,980,999,1000,1003,1008,1019,1020,1023,1033,1040,1057,1060,1080,1100,1120,1121,1139,1141,1156,1159,1161,1162,1180,1181,1193,1197,1202,1203,1208,1220,1222,1225,1228,1242,1260,1262,1270,1282,1298,1302,1322,1325,1342,1355,1362,1382,1383,1403,1405,1423,1424,1437,1444,1460,1464,1465,1484,1485,1500,1504,1505,1518,1524,1540,1544,1546,1551,1564,1565,1566,1582,1584,1585,1604,1616,1624,1625,1644,1647,1665,1685,1686,1701,1705,1706,1707,1726,1732,1746,1761,1766,1786,1806,1826,2052,2054,2055,2057,2095,2117,2138,2150,2158,2178,2198,2215,2218,2219,2240,2251,2259,2279,2290,2293,2300,2320,2321,2336,2340
CVE-2021-44228,618,624,625,626,639,640,661,669,673,675,677,678,693,696,697,708,712,713,725,726,745,748,752,764,766,783,784,785,787,788,789,799,800,808,820,824,835,838,842,853,854,855,856,869,871,876,882,883,885,886,889,903,904,906,907,908,925,926,928,961,962,967,977,995,996,1002,1013,1015,1016,1019,1043,1053,1091,1092,1093,1099,1127,1133,1143,1144,1148,1163,1165,1166,1170,1175,1182,1198,1215,1217,1218,1235,1243,1262,1265,1268,1303,1304,1307,1320,1323,1341,1343,1344,1352,1353,1356,1362,1382,1383,1396,1398,1410,1416,1417,1433,1439,1457,1464,1477,1484,1486,1495,1511,1531,1536,1537,1542,1549,1551,1552,1557,1570,1594,1596,1601,1602,1627,1633,1643,1647,1658,1661,1663,1667,1683,1684,1685,1686,1703,1705,1716,1719,1736,1754,1757,1778,1783,1796,1800,1803,1813,1834,1835,1852,1869,1872,1873,1886,1887,1903,1911,1913,1923,1926,1927,1955,1958,1961,1968,1975,1988,1991,1992,2006,2008,2009,2012,2013,2021,2022,2045,2049,2056,2057,2063,2072,2073,2074,2095,2096,2097,2098,2101,2115,2122,2134,2135,2137,2155,2162,2171,2172,2173,2175,2176,2179,2189,2190,2192,2214,2215,2222,2233,2235,2240,2254,2257,2263,2269,2272,2275,2287,2291,2293,2299,2303,2304,2318,2319,2321,2324,2336,2358,2359,2363,2402
CVE-2014-0160,512,526,527,528,529,538,548,549,558,568,569,574,578,588,589,590,598,608,609,628,629,638,640,641,649,650,658,660,669,670,681,683,689,709,710,711,712,721,723,724,730,731,732,750,751,770,771,781,790,791,801,810,811,830,831,850,851,853,870,871,895,911,913,924,925,927,928,951,965,970,971,981,982,991,1010,1011,1014,1024,1031,1034,1035,1041,1042,1045,1050,1051,1052,1062,1071,1072,1082,1091,1092,1102,1111,1112,1131,1132,1142,1144,1151,1152,1156,1163,1172,1186,1192,1193,1206,1212,1213,1221,1224,1225,1232,1233,1234,1246,1252,1253,1272,1273,1280,1282,1284,1293,1294,1295,1313,1323,1326,1333,1334,1343,1346,1347,1353,1354,1363,1373,1378,1383,1412,1413,1414,1423,1431,1433,1434,1453,1454,1463,1473,1474,1483,1493,1494,1503,1504,1511,1513,1514,1519,1533,1534,1538,1543,1553,1555,1563,1566,1573,1576,1580,1583,1593,1596,1604,1605,1613,1614,1623,1624,1628,1633,1654,1655,1663,1674,1675,1684,1694,1695,1714,1715,1716,1734,1735,1737,1746,1754,1755,1756,1767,1768,1775,1776,1786,1793,1796,1797,1804,1814,1816,1824,1834,1841,1844,1845,1847,1903,1904,1916,1917,1924,1934,1936,1937,1944,1956,1964,1976,1977,1979,1996,1997,2017,2037,2044,2055,2057,2065,2068,2077,2085,2095,2097,2098,2135,2137,2138
CVE-2015-5531,603,604,605,606,607,608,609,610,611,614,615,616,617,618,620,621,623,626,629,633,634,635,646,649,658,669,689,709,718,726,729,749,766,767,769,783,789,806,809,818,829,849,850,866,869,886,889,909,912,918,924,926,929,949,969,986,989,1004,1006,1009,1018,1024,1029,1040,1044,1045,1046,1049,1069,1089,1107,1109,1118,1124,1126,1129,1144,1146,1149,1157,1164,1169,1172,1189,1204,1206,1209,1224,1229,1244,1249,1264,1269,1289,1304,1309,1318,1324,1329,1347,1349,1369,1371,1384,1389,1409,1410,1418,1426,1429,1439,1444,1446,1449,1450,1458,1469,1489,1506,1509,1510,1529,1530,1544,1549,1564,1569,1590,1610,1624,1630,1650,1670,1690,1698,1699,1710,1718,1730,1750,1770,1789,1790,1804,1807,1810,1824,1826,1830,1844,1846,1850,1864,1867,1870,1872,1890,1910,1926,1927,1930,1946,1950,1964,1966,1970,1984,1986,1990,2002,2004,2010,2018,2024,2030,2050,2064,2066,2070,2076,2084,2090,2104,2110,2116,2130,2150,2158,2164,2170,2171,2184,2186,2187,2190,2204,2210,2212,2230,2250,2267,2270,2284,2290,2304,2307,2310,2314,2327,2330,2344,2347,2350,2357,2370,2387
CVE-2017-7529,603,605,608,612,615,624,634,635,636,638,640,641,644,645,654,655,656,657,659,663,664,677,678,684,694,699,704,706,707,708,709,710,711,712,713,714,727,752,754,760,769,776,777,778,784,809,814,827,834,842,850,877,892,894,903,904,905,907,930,941,956,957,960,964,965,967,968,969,976,986,989,1002,1003,1004,1024,1035,1043,1045,1053,1054,1055,1061,1082,1083,1084,1085,1100,1104,1109,1110,1111,1140,1150,1170,1171,1184,1185,1187,1188,1189,1190,1191,1192,1193,1204,1234,1251,1252,1264,1270,1280,1284,1290,1320,1326,1329,1334,1338,1340,1344,1346,1363,1374,1378,1380,1385,1398,1404,1414,1418,1422,1424,1442,1447,1452,1460,1464,1467,1485,1486,1488,1496,1497,1504,1508,1527,1528,1536,1537,1538,1544,1547,1560,1565,1566,1567,1570,1572,1575,1576,1577,1585,1588,1589,1590,1602,1605,1606,1608,1611,1618,1619,1620,1621,1622,1623,1625,1631,1638,1664,1677,1680,1684,1688,1689,1696,1698,1713,1714,1716,1717,1718,1724,1734,1737,1738,1740,1747,1748,1758,1760,1763,1777,1781,1783,1792,1816,1820,1824,1834,1838,1844,1845,1849,1851,1852,1862,1874,1875,1880,1882,1888,1890,1896,1899,1902,1903,1907,1913,1914,1916,1917,1918,1919,1924,1934,1946,1947,1948,1950,1954,1955,1956,1958,1959,1962,1963,1979,1986,1994,2000,2018,2020,2021,2022,2024,2032,2033,2034,2054,2082,2086,2092,2103,2106,2111,2115,2117,2121,2141,2144,2145,2146,2148,2154,2155,2168,2180,2182,2196,2204,2214,2245,2246,2247,2249,2250,2271,2298,2301,2305,2316,2318,2322,2323,2325,2330,2355,2360,2395,2397,2398,2401,2402,2404,2405,2409,2414,2415,2425,2433,2439,2440,2441
CVE-2017-8917,600,601,602,604,627,629,636,640,641,642,644,645,653,662,665,668,683,684,688,702,712,713,732,737,738,740,741,745,749,750,759,760,762,771,773,803,804,811,818,832,833,842,843,844,846,851,858,859,878,883,890,891,905,907,910,919,920,922,923,932,933,937,942,954,955,958,968,973,974,980,981,982,983,985,988,990,993,994,1010,1013,1017,1023,1027,1033,1038,1040,1067,1070,1073,1091,1094,1095,1109,1111,1113,1114,1116,1118,1119,1124,1127,1128,1133,1134,1135,1141,1145,1152,1155,1162,1172,1173,1183,1200,1203,1223,1224,1226,1229,1231,1232,1238,1244,1247,1249,1253,1290,1291,1293,1303,1308,1309,1311,1313,1315,1318,1323,1328,1332,1333,1345,1350,1357,1368,1369,1374,1378,1381,1382,1385,1387,1389,1391,1393,1394,1395,1398,1401,1405,1414,1416,1428,1429,1430,1434,1435,1438,1441,1444,1459,1488,1499,1501,1504,1505,1514,1523,1524,1531,1552,1563,1564,1574,1584,1587,1592,1597,1611,1632,1635,1637,1642,1655,1665,1671,1697,1725,1743,1745,1755,1765,1766,1792,1793,1794,1795,1797,1798,1805,1808,1815,1816,1820,1829,1846,1848,1852,1853,1856,1863,1868,1871,1873,1889,1890,1892,1895,1896,1897,1913,1916,1926,1927,1935,1956,1960,1972,1982,1990,2007,2008,2009,2011,2012,2013,2014,2015,2024,2025,2026,2034,2036,2064,2066,2067,2070,2072,2077,2087,2089,2092,2097,2101,2106,2108,2124,2129,2136,2140,2166,2172,2173,2175,2176,2196,2197,2206,2237,2244,2250,2254,2255,2257,2262,2277,2278,2281,2283,2284,2287,2299,2302,2306,2307,2314,2320,2324,2347,2359,2364
CVE-2018-15473,605,606,608,609,610,611,612,613,614,616,630,631,633,635,641,642,652,653,655,672,680,682,683,684,685,687,702,703,712,713,718,719,741,743,744,759,761,765,767,783,784,785,795,805,806,807,808,809,810,820,821,824,825,826,827,846,872,873,890,893,895,896,897,899,900,910,911,915,938,939,940,942,947,952,953,954,961,962,964,966,970,971,976,1000,1001,1002,1003,1014,1016,1027,1029,1030,1031,1033,1034,1039,1040,1041,1044,1045,1047,1048,1050,1051,1058,1059,1060,1070,1085,1086,1093,1095,1104,1105,1123,1141,1142,1148,1149,1150,1166,1167,1181,1182,1184,1185,1187,1189,1190,1191,1193,1199,1200,1210,1211,1222,1223,1224,1235,1240,1241,1264,1265,1275,1283,1284,1285,1287,1301,1302,1310,1333,1335,1341,1346,1347,1350,1351,1352,1361,1362,1366,1368,1381,1382,1440,1441,1443,1444,1447,1454,1455,1456,1491,1494,1497,1498,1499,1503,1504,1506,1528,1529,1530,1531,1540,1541,1573,1601,1602,1607,1609,1626,1641,1642,1653,1654,1655,1667,1668,1669,1670,1679,1691,1693,1702,1703,1714,1715,1716,1719,1728,1729,1741,1742,1743,1755,1757,1759,1771,1783,1784,1785,1804,1805,1806,1807,1809,1810,1812,1813,1833,1835,1874,1930,1932,1965,1967,1973,1975,1976,1995,1996,1997,1999,2000,2005,2006,2007,2008,2017,2018,2019,2020,2026,2027,2028,2037,2039,2041,2042,2043,2045,2051,2053,2054,2089,2092,2108,2111,2113,2114,2118,2132,2133,2135,2168,2169,2197,2198,2201,2205,2212,2213,2222,2223,2232,2233,2236,2237,2240,2258,2259,2278,2293,2296,2302,2303,2304,2305,2308,2309,2310,2311,2312,2313,2317,2320,2326,2327,2338,2340,2341,2349,2351,2356,2358,2370,2372,2373,2375,2379,2380,2388,2389,2390,2394
CVE-2020-1938,698,706,708,712,713,714,715,721,736,749,762,765,768,771,794,795,821,824,826,834,836,864,896,917,921,929,934,955,958,966,968,976,1018,1021,1032,1040,1121,1134,1135,1163,1168,1181,1182,1226,1235,1238,1263,1265,1274,1275,1298,1309,1320,1321,1326,1356,1361,1365,1421,1449,1455,1466,1467,1468,1473,1515,1540,1568,1574,1609,1623,1633,1634,1643,1669,1704,1709,1720,1721,1762,1778,1784,1790,1791,1805,1813,1819,1826,1827,1829,1833,1864,1868,1876,1891,1892,1899,1919,1921,1922,1933,1937,1941,1944,1946,1947,1955,1959,1970,1973,1982,1983,1991,2014,2022,2023,2030,2038,2051,2060,2122,2123,2212,2222,2226,2241,2242,2258,2261,2303,2312,2322,2326,2331,2340,2350,2357,2358,2361,2362,2363,2364,2365,2366,2377,2380
CVE-2021-28164,615,616,617,621,627,637,640,641,661,663,667,681,708,725,748,750,768,792,796,802,834,844,854,866,876,924,925,935,944,954,964,965,971,981,991,1035,1062,1072,1088,1103,1113,1114,1115,1117,1123,1126,1127,1136,1146,1150,1151,1167,1172,1181,1190,1212,1222,1224,1233,1243,1255,1276,1284,1286,1298,1320,1330,1344,1354,1370,1380,1403,1404,1415,1420,1423,1424,1425,1426,1436,1446,1448,1458,1468,1478,1482,1488,1490,1499,1500,1519,1520,1542,1554,1564,1574,1589,1599,1612,1622,1623,1634,1644,1657,1670,1682,1692,1704,1714,1718,1736,1744,1746,1749,1759,1778,1784,1805,1807,1816,1819,1820,1823,1824,1825,1835,1839,1840,1842,1843,1853,1859,1860,1870,1874,1894,1895,1898,1920,1921,1923,1941,1949,1959,1960,1961,1978,1981,1999,2000,2001,2048,2058,2078,2095,2096,2098,2104,2122,2142,2161,2162,2168,2180,2182,2188,2200,2202,2207,2219,2222,2227,2240,2242,2247,2259,2262,2277,2282,2284,2297,2302,2315,2322,2335,2342,2355,2373,2375,2389,2390
CVE-2021-28169,587,591,599,600,615,617,620,621,633,645,665,679,682,691,692,693,694,702,703,704,705,713,714,724,726,727,728,736,748,749,760,762,763,764,771,772,773,774,782,783,784,785,793,794,795,796,804,806,807,815,818,819,827,838,849,861,872,884,894,906,920,923,924,932,933,934,942,943,952,953,954,962,963,965,976,979,987,988,998,1009,1011,1020,1030,1031,1041,1053,1054,1055,1056,1064,1065,1066,1073,1074,1075,1084,1093,1094,1106,1116,1117,1118,1126,1133,1134,1141,1142,1143,1149,1150,1157,1158,1159,1166,1167,1175,1184,1193,1194,1204,1213,1214,1222,1223,1232,1233,1241,1242,1250,1258,1259,1267,1268,1277,1284,1285,1292,1294,1301,1302,1309,1310,1317,1318,1327,1336,1343,1344,1345,1357,1368,1369,1376,1377,1383,1390,1397,1412,1413,1420,1427,1435,1436,1443,1444,1459,1460,1471,1472,1480,1481,1488,1496,1504,1512,1520,1527,1535,1546,1547,1554,1561,1569,1576,1591,1592,1606,1607,1614,1622,1637,1638,1647,1648,1655,1665,1680,1687,1694,1709,1717,1724,1731,1732,1738,1739,1753,1761,1768,1775,1782,1795,1803,1809,1816,1817,1824,1838,1852,1859,1866,1880,1889,1896,1902,1903,1910,1924,1925,1938,1945,1952,1965,1979,1986,1993,2000,2006,2016,2029,2045,2052,2061,2068,2074,2088,2094,2101,2114,2120,2127,2140,2147,2154,2169,2175,2182,2189,2196,2209,2215,2222,2235,2248,2261,2267,2268,2274,2281,2288,2294,2301,2307,2308,2314,2322,2328,2341,2348,2355,2368,2374,2381
CVE-2021-34429,602,603,605,623,624,625,639,643,645,646,660,663,664,665,666,674,694,723,725,726,741,743,765,766,768,776,805,806,823,826,856,874,878,886,888,909,910,938,948,951,958,1182,1183,1185,1190,1191,1192,1203,1210,1230,1231,1233,1234,1235,1236,1244,1255,1265,1270,1288,1313,1314,1324,1326,1344,1354,1374,1375,1384,1394,1395,1414,1417,1433,1434,1437,1460,1470,1472,1491,1507,1508,1528,1529,1530,1534,1538,1540,1551,1566,1577,1581,1584,1601,1625,1649,1673,1683,1697,1707,1721,1743,1767,1777,1780,1790,1814,1837,1847,1861,1862,1865,1871,1872,1881,1882,1885,1910,1911,1920,1931,1933,1934,1936,1950,1951,1968,1978,1989,1991,2007,2011,2030,2031,2052,2053,2061,2062,2072,2073,2078,2081,2091,2101,2113,2144,2173,2174,2183,2206,2207,2214,2216,2219,2232,2233,2243,2259,2280,2281,2301,2322,2343,2364,2374,2387,2390
CVE-2021-41773,639,642,649,653,654,658,660,661,666,667,669,674,675,680,682,687,688,693,694,695,696,708,715,716,720,723,727,732,735,736,737,739,744,750,751,756,757,761,766,768,769,771,772,773,778,779,781,783,789,792,799,802,810,818,819,826,827,828,833,836,837,840,841,848,849,851,855,856,858,861,862,864,865,866,869,874,879,881,882,883,889,890,891,892,894,895,903,907,908,916,919,924,925,927,928,935,936,938,939,942,946,947,949,953,959,960,961,962,964,965,966,969,985,994,999,1000,1002,1003,1004,1009,1010,1012,1013,1019,1021,1026,1027,1028,1029,1030,1033,1036,1037,1039,1041,1046,1049,1050,1052,1053,1058,1064,1070,1071,1072,1077,1080,1081,1082,1083,1084,1086,1090,1095,1096,1097,1098,1099,1106,1109,1110,1112,1113,1114,1119,1120,1122,1125,1126,1130,1134,1140,1142,1143,1145,1146,1147,1148,1149,1160,1161,1162,1163,1164,1166,1167,1170,1171,1175,1176,1180,1181,1183,1184,1185,1188,1189,1190,1193,1194,1200,1201,1206,1207,1209,1210,1211,1218,1220,1224,1225,1230,1231,1235,1236,1237,1241,1245,1246,1249,1250,1251,1253,1254,1257,1258,1260,1261,1263,1265,1266,1267,1268,1269,1270,1274,1281,1286,1287,1289,1290,1294,1302,1305,1307,1310,1312,1313,1316,1318,1319,1320,1325,1330,1331,1332,1337,1338,1339,1346,1347,1348,1350,1351,1352,1353,1356,1361,1365,1368,1376,1377,1378,1384,1385,1386,1390,1393,1394,1398,1400,1401,1402,1403,1410,1413,1414,1417,1423,1426,1430,1432,1433,1436,1440,1444,1447,1448,1450,1454,1455,1457,1458,1460,1461,1466,1467,1470,1472,1473,1477,1478,1481,1482,1485,1486,1490,1494,1497,1499,1500,1509,1510,1512,1513,1520,1521,1523,1530,1533,1534,1535,1537,1540,1548,1550,1554,1555,1557,1558,1560,1561,1562,1565,1566,1567,1568,1569,1576,1579,1580,1583,1584,1590,1592,1595,1598,1606,1610,1611,1613,1615,1618,1620,1621,1622,1626,1627,1633,1637,1640,1642,1646,1647,1649,1650,1651,1658,1659,1660,1670,1674,1677,1678,1680,1681,1682,1687,1688,1689,1695,1700,1701,1706,1707,1708,1709,1710,1715,1716,1719,1723,1724,1727,1735,1736,1740,1743,1746,1749,1757,1760,1763,1770,1771,1773,1777,1778,1783,1785,1786,1787,1789,1790,1792,1793,1800,1801,1802,1804,1807,1809,1810,1814,1815,1818,1819,1820,1821,1825,1833,1834,1835,1840,1841,1842,1843,1844,1845,1853,1854,1855,1859,1861,1865,1866,1868,1870,1872,1873,1874,1879,1880,1882,1883,1884,1890,1892,1893,1894,1895,1896,1898,1899,1905,1909,1910,1914,1915,1918,1919,1922,1925,1926,1928,1929,1930,1932,1934,1936,1938,1939,1945,1946,1954,1956,1958,1963,1964,1967,1968,1972,1974,1975,1976,1977,1982,1984,1986,1987,1990,1994,1995,1996,1997,1998,2000,2007,2010,2018,2020,2028,2029,2034,2036,2037,2045,2047,2052,2054,2055,2056,2058,2059,2062,2063,2067,2069,2070,2078,2081,2090,2093,2100,2104,2107,2112,2113,2115,2125,2126,2127,2128,2135,2138,2139,2140,2145,2146,2147,2153,2156,2160,2162,2168,2169,2170,2172,2173,2177,2180,2187,2188,2196,2200,2202,2204,2208,2209,2211,2214,2215,2218,2219,2227,2228,2236,2237,2238,2240,2243,2244,2248,2249,2253,2259,2260,2264,2265,2268,2274,2277,2281,2284,2285,2286,2288,2289,2290,2292,2296,2298,2300,2308,2310,2311,2317,2320,2321,2322,2323,2324,2325,2326,2329,2330,2335,2336,2337,2339,2346,2349,2350,2353,2356,2359,2360,2366,2368,2377,2385,2387,2388,2389,2393,2394,2395,2400,2403,2406,2407,2410,2418,2424,2425,2431,2433,2438,2440,2441,2447,2450,2451,2452,2453,2454,2455,2461,2464,2466,2467,2469,2470,2473
CVE-2014-0050,592,593,594,595,609,612,613,614,622,630,633,642,652,653,654,661,668,669,676,693,694,707,732,733,768,773,774,776,779,783,784,788,792,813,814,815,818,820,832,853,854,858,893,894,920,928,932,933,934,944,950,955,965,973,984,1013,1014,1024,1053,1054,1093,1094,1095,1099,1125,1133,1134,1138,1153,1164,1168,1173,1174,1175,1213,1214,1235,1253,1254,1267,1293,1294,1295,1301,1307,1333,1334,1367,1373,1374,1396,1688,1689,1691,1692,1696,1701,1713,1722,1723,1724,1732,1745,1764,1765,1767,1803,1804,1805,1809,1813,1832,1843,1844,1898,1899,1910,1939,1940,1975,1978,1979,1980,2007,2018,2019,2058,2059,2064,2082,2083,2091,2095,2098,2099,2100,2108,2138,2139,2148,2153,2168,2178,2179,2218,2219,2259,2273,2298,2299,2300,2338,2339,2343,2349,2378,2379
CVE-2016-6515,599,646,649,697,703,704,714,715,716,717,718,719,725,742,745,746,757,759,760,762,763,799,800,801,813,889,891,892,893,895,913,914,916,1111,1153,1168,1169,1170,1172,1173,1175,1176,1220,1221,1226,1228,1242,1243,1244,1247,1248,1254,1255,1256,1257,1258,1260,1261,1263,1264,1265,1266,1270,1271,1272,1273,1274,1275,1276,1277,1278,1279,1280,1282,1283,1310,1311,1335,1336,1337,1389,1390,1391,1392,1404,1405,1406,1407,1408,1415,1416,1433,1434,1435,1471,1474,1475,1476,1484,1494,1496,1497,1498,1499,1500,1507,1511,1513,1516,1517,1525,1527,1529,1534,1536,1540,1542,1544,1546,1547,1548,1550,1551,1568,1579,1589,1590,1591,1592,1598,1599,1600,1601,1602,1615,1617,1658,1659,1660,1661,1662,1668,1669,1741,1799,1800,1809,1827,1829,1832,1833,1835,1841,1842,1852,1864,1871,1873,1880,1881,1883,1885,1886,1887,1888,1890,1901,1923,1936,1942,1953,1988,1999,2001,2005,2011,2012,2014,2015,2016,2017,2021,2034,2040,2042,2044,2045,2047,2052,2055,2067,2068,2069,2076,2093,2112,2177,2178,2180,2186,2200,2213,2219,2222,2223,2224,2230,2232,2233,2246,2248,2250,2268,2275,2276,2277,2278,2295,2296,2297,2302,2309,2312,2313,2316,2327,2329,2342,2343,2344,2345,2370,2380
CVE-2015-5477,603,604,605,606,607,608,609,628
CVE-2016-7434,768
CVE-2017-12635,604,606,607,612,647,648,650,687,707,727,747,767,788,808,828,838,848,876,888,899,908,928,948,949,957,963,965,966,967,968,988,1008,1028,1066,1067,1068,1069,1070,1071,1075,1076,1078,1079,1080,1081,1083,1084,1085,1086,1088,1093,1094,1096,1101,1102,1104,1105,1106,1107,1108,1110,1111,1112,1113,1114,1125,1126,1127,1128,1148,1149,1150,1151,1152,1153,1154,1168,1188,1208,1214,1224,1248,1268,1288,1308,1320,1321,1349,1361,1363,1364,1366,1367,1368,1369,1370,1373,1374,1389,1401,1409,1410,1425,1426,1427,1429,1430,1438,1489,1490,1491,1500,1523,1546,1547,1548,1549,1553,1561,1565,1567,1569,1603,1609,1629,1649,1650,1669,1689,1709,1729,1749,1769,1789,1804,1825,1829,1834,1849,1863,1864,1865,1869,1878,1879,1880,1881,1882,1883,1904,1905,1920,1950,1951,1962,1963,1964,1965,1966,1967,1968,1969,1970,1971,1972,1973,1974,1976,1977,1978,1979,1980,1981,1982,1983,1984,1985,1986,1987,1988,1989,1990,1997,1998,1999,2000,2002,2006,2009,2011,2012,2013,2014,2015,2016,2017,2018,2019,2020,2021,2022,2023,2024,2025,2026,2029,2030,2031,2032,2033,2034,2035,2036,2037,2038,2049,2062,2063,2069,2074,2089,2109,2129,2152,2169,2189,2229,2249,2265,2309,2329,2349,2369
